,location,success,year,month,day,hour,minute,second
0,SG,True,2024,5,23,13,0,59
1,SG,True,2023,8,29,11,53,25
2,US,False,2023,5,5,14,58,2
3,US,False,2023,11,7,14,47,58
4,US,False,2023,1,4,16,54,10
5,SG,True,2023,3,30,14,57,34
6,US,False,2023,11,2,15,36,1
7,US,False,2024,7,8,16,13,25
8,US,False,2023,12,19,13,21,0
9,US,True,2024,2,6,14,32,33
10,SG,True,2023,2,15,11,33,15
11,SG,True,2023,2,27,13,41,58
12,US,False,2023,6,8,10,40,44
13,US,False,2024,1,5,9,7,26
14,SG,True,2024,2,20,14,27,16
15,SG,True,2023,11,14,11,4,20
16,SG,True,2024,4,25,10,12,51
17,SG,True,2023,5,11,13,22,39
18,SG,True,2023,6,2,14,41,42
19,SG,True,2024,6,21,11,0,17
20,SG,True,2024,5,14,12,42,32
21,SG,True,2024,1,9,14,24,3
22,SG,True,2023,8,14,12,14,39
23,SG,True,2023,9,19,13,5,36
24,US,False,2023,8,16,15,47,56
25,US,False,2024,7,22,14,18,52
26,US,False,2023,10,18,10,19,10
27,SG,True,2024,3,27,11,38,44
28,US,False,2023,8,29,15,8,54
29,SG,True,2024,1,24,13,47,52
30,SG,True,2024,6,27,16,12,6
31,SG,True,2024,6,13,14,4,8
32,SG,True,2024,5,15,11,10,16
33,US,False,2023,2,9,10,49,38
34,SG,True,2024,3,12,12,36,53
35,SG,True,2023,11,10,9,18,47
36,SG,True,2023,4,25,15,44,47
37,SG,True,2023,6,27,16,16,43
38,SG,True,2023,2,10,11,11,7
39,SG,True,2023,5,11,11,55,24
40,SG,True,2023,2,10,9,19,42
41,US,False,2023,5,16,15,54,12
42,SG,True,2023,3,17,10,1,33
43,US,False,2023,11,22,11,52,10
44,SG,True,2023,9,27,10,8,22
45,SG,True,2023,4,19,12,48,27
46,SG,True,2023,8,30,10,33,20
47,SG,True,2024,2,20,13,45,27
48,US,False,2023,8,18,11,51,32
49,US,False,2023,7,13,9,39,34
50,SG,True,2023,4,19,10,3,28
51,US,False,2023,8,29,11,20,26
52,SG,False,2023,5,23,9,21,7
53,US,False,2023,11,10,16,27,0
54,SG,True,2024,7,23,14,11,3
55,SG,True,2023,8,17,14,13,52
56,SG,True,2023,2,3,10,7,56
57,SG,True,2024,7,15,15,1,29
58,SG,True,2024,2,14,11,49,30
59,SG,True,2023,2,2,14,1,15
60,US,True,2024,7,1,15,27,19
61,SG,True,2023,2,15,15,55,29
62,SG,Flase,2024,5,22,11,7,49
63,SG,True,2023,11,29,16,38,12
64,SG,True,2023,4,27,10,15,57
65,SG,True,2023,8,14,14,21,1
66,US,False,2024,3,4,13,30,22
67,SG,True,2023,5,2,11,57,3
68,SG,True,2023,12,15,15,45,6
69,SG,True,2023,1,5,11,1,12
70,SG,True,2023,6,20,15,30,4
71,US,False,2023,12,28,12,22,30
72,SG,True,2023,5,31,11,17,59
73,US,False,2023,10,6,11,6,56
74,SG,True,2023,2,22,14,38,34
75,US,False,2023,8,30,10,30,59
76,US,False,2023,6,7,16,59,7
77,SG,True,2024,3,15,12,54,39
78,SG,True,2024,2,27,12,2,19
79,US,True,2023,1,6,12,16,53
80,SG,True,2023,3,14,15,27,16
81,SG,True,2024,5,27,10,4,0
82,US,False,2024,5,27,9,17,20
83,US,True,2023,2,28,14,13,0
84,SG,True,2024,3,20,15,59,24
85,SG,True,2024,7,10,10,29,54
86,SG,True,2024,5,17,9,46,25
87,SG,True,2024,6,14,13,33,40
88,US,True,2024,5,7,12,23,45
89,SG,True,2023,3,3,14,44,53
90,SG,True,2024,4,10,10,54,17
91,US,False,2024,5,7,16,20,53
92,US,True,2024,1,1,15,28,12
93,SG,True,2023,11,2,15,25,52
94,US,True,2024,7,2,15,28,9
95,SG,True,2023,9,5,16,49,55
96,SG,True,2023,12,12,12,56,13
97,SG,True,2023,10,19,12,16,2
98,SG,True,2023,8,8,13,28,24
99,SG,True,2024,6,11,13,52,5
